{
  "project_info": {
    "project_number": "943199095436",
    "project_id": "latihan-3e393",
    "storage_bucket": "latihan-3e393.appspot.com"
  },
  "client": [
    {
      "client_info": {
        "mobilesdk_app_id": "1:943199095436:android:8863d18691be6b0019c9a9",
        "android_client_info": {
          "package_name": "com.classamd.latihan"
        }
      },
      "oauth_client": [
        {
          "client_id": "943199095436-3csua0ih2chqvl43en060vdk8t6u2cjt.apps.googleusercontent.com",
          "client_type": 3
        }
      ],
      "api_key": [
        {
          "current_key": "AIzaSyBdcB9NojlCl5fb7kNDvgf1tMkm4JRogew"
        }
      ],
      "services": {
        "appinvite_service": {
          "other_platform_oauth_client": [
            {
              "client_id": "943199095436-3csua0ih2chqvl43en060vdk8t6u2cjt.apps.googleusercontent.com",
              "client_type": 3
            }
          ]
        }
      }
    }
  ],
  "configuration_version": "1"
}